Label,Accuracy,Sensitivity,Specificity,Precision,F1
cluster1,0.7818181818181819,0.7105263157894737,0.978021978021978,0.8709677419354839,0.7826086956026885
cluster2,0.7818181818181819,0.9764705882352941,0.7111111111111111,0.680327868852459,0.8019323671013557
cluster3,0.7818181818181819,0.8,0.9837837837837838,0.9032258064516129,0.8484848484350322
cluster4,0.7818181818181819,0,1,0,0
cluster5,0.7818181818181819,0.9444444444444444,0.9891304347826086,0.9444444444444444,0.9444444443944444
Average,0.7818181818181819,0.6862882696938425,0.9324094615398963,0.6797931723368,0.6754940711067042
