,cluster,pair,gene_i,gene_j,prop_this_cluster,prop_not_cluster,dist_ij_cluster,dist_ij_not_cluster,prop_diff
1,cluster1,1,1895,8368,0.0789473684210526,0.769230769230769,-18.0264283055556,54.3056348733334,-0.690283400809717
2,cluster1,2,3223,6180,0.973684210526316,0.285714285714286,13.2183016264286,-59.4253283034921,0.68796992481203
3,cluster1,3,4099,7108,0.842105263157895,0.148351648351648,6.74150568333333,-52.4622060211111,0.693753614806246
4,cluster1,4,6075,7108,0.894736842105263,0.225274725274725,5.24889134222222,-51.51104399,0.669462116830538
5,cluster1,5,7108,9982,0.184210526315789,0.851648351648352,-2.49097747222222,59.40151603,-0.667437825332562
6,cluster1,6,8357,9744,0.184210526315789,0.851648351648352,-7.17391533111111,63.4871995211111,-0.667437825332562
7,cluster1,7,8357,10816,0.184210526315789,0.846153846153846,-5.57923171555555,42.2021130533333,-0.661943319838057
8,cluster1,8,8357,11715,0.210526315789474,0.873626373626374,-5.44948193,53.8774837155556,-0.6631000578369
9,cluster1,9,11095,13676,0.131578947368421,0.82967032967033,-7.58613379000001,48.3872281055556,-0.698091382301909
