,cluster,pair,gene_i,gene_j,prop_this_cluster,prop_not_cluster,dist_ij_cluster,dist_ij_not_cluster,prop_diff
1,cluster2,1,1563,10655,0.129411764705882,0.8,-25.3632478133333,35.8043065088889,-0.670588235294118
2,cluster2,2,2367,10716,0.0941176470588235,0.77037037037037,-26.1877990777778,32.4737419066666,-0.676252723311547
3,cluster2,3,3248,5438,0.164705882352941,0.82962962962963,-27.8985517622222,42.40839387,-0.664923747276688
4,cluster2,4,5438,11944,0.905882352941176,0.237037037037037,30.30271121,-30.1631252466667,0.668845315904139
5,cluster2,5,10716,11868,0.894117647058824,0.22962962962963,26.95179119,-26.0220552733333,0.664488017429194
