Label,Accuracy,Sensitivity,Specificity,Precision,F1
cluster1,0.8571428571428571,1,0.9166666666666666,0.6666666666666666,0.799999999952
cluster2,0.8571428571428571,0.6666666666666666,1,1,0.799999999952
cluster3,0.8571428571428571,1,1,1,0.99999999995
cluster4,0.8571428571428571,1,1,1,0.99999999995
cluster5,0.8571428571428571,0.8,0.8888888888888888,0.8,0.7999999999500002
Average,0.8571428571428571,0.8933333333333333,0.9611111111111111,0.8933333333333333,0.8799999999508
