Label,Accuracy,Sensitivity,Specificity,Precision,F1
cluster1,0.8776978417266187,1,0.8469387755102041,0.7321428571428571,0.8453608246934636
cluster2,0.8776978417266187,0.7916666666666666,0.991304347826087,0.95,0.8636363635867768
cluster3,0.8776978417266187,0.9285714285714286,1,1,0.9629629629130315
cluster4,0.8776978417266187,0.65,1,1,0.7878787878310377
cluster5,0.8776978417266187,0.9,0.98989898989899,0.972972972972973,0.9350649350150109
Average,0.8776978417266187,0.85404761904761906,0.9656284226470562,0.931023166023166,0.8789807748078641
