Label,Accuracy,Sensitivity,Specificity,Precision,F1
cluster1,0.841726618705036,0.8536585365853658,0.9387755102040817,0.8536585365853658,0.8536585365353658
cluster2,0.841726618705036,0.75,0.9826086956521739,0.9,0.8181818181322315
cluster3,0.841726618705036,0.9285714285714286,1,1,0.9629629629130315
cluster4,0.841726618705036,0.7,0.9831932773109243,0.875,0.777777777728395
cluster5,0.841726618705036,0.925,0.8787878787878788,0.7551020408163265,0.8314606741078147
Average,0.841726618705036,0.8314459930313589,0.9566730723910117,0.8767521154803385,0.8488083538833677
