Label,Accuracy,Sensitivity,Specificity,Precision,F1
cluster1,0.85,0.7631578947368421,0.9945054945054945,0.9666666666666667,0.8529411764212803
cluster2,0.85,0.9411764705882353,0.9555555555555556,0.9302325581395349,0.9356725145698847
cluster3,0.85,0.6857142857142857,0.9891891891891892,0.9230769230769231,0.7868852458527278
cluster4,0.85,0.8846153846153846,0.8865979381443299,0.5111111111111111,0.6478873238972426
cluster5,0.85,0.8611111111111112,0.9891304347826086,0.9393939393939394,0.8985507245877757
Average,0.85,0.8271550293531718,0.9629957224354355,0.854096239677635,0.8243873970657822
