Label,Accuracy,Sensitivity,Specificity,Precision,F1
cluster1,0.8181818181818182,0.6,0.9411764705882353,0.75,0.6666666666172838
cluster2,0.8181818181818182,0.875,0.9285714285714286,0.875,0.87499999995
cluster3,0.8181818181818182,0.75,0.9444444444444444,0.75,0.74999999995
cluster4,0.8181818181818182,1,1,1,0.99999999995
cluster5,0.8181818181818182,1,0.9473684210526315,0.75,0.8571428570938775
Average,0.8181818181818182,0.845,0.952312152931348,0.825,0.8297619047122322
