Label,Accuracy,Sensitivity,Specificity,Precision,F1
cluster1,0.8863636363636364,0.9210526315789473,0.9560439560439561,0.813953488372093,0.8641975308143879
cluster2,0.8863636363636364,0.9176470588235294,0.9481481481481482,0.9176470588235294,0.9176470587735294
cluster3,0.8863636363636364,0.9428571428571428,0.972972972972973,0.868421052631579,0.9041095889911804
cluster4,0.8863636363636364,0.7307692307692307,0.9845360824742269,0.8636363636363636,0.7916666666170138
cluster5,0.8863636363636364,0.8333333333333334,0.9891304347826086,0.9375,0.8823529411266435
Average,0.8863636363636364,0.8691318794724368,0.9701663188843825,0.880231592692713,0.871994757264551
