Label,Accuracy,Sensitivity,Specificity,Precision,F1
cluster1,0.8545454545454545,0.7894736842105263,0.989010989010989,0.9375,0.8571428570932246
cluster2,0.8545454545454545,0.9176470588235294,0.9111111111111111,0.8666666666666667,0.8914285713786123
cluster3,0.8545454545454545,0.7428571428571429,0.9459459459459459,0.7222222222222222,0.7323943661471929
cluster4,0.8545454545454545,0.8076923076923077,0.9845360824742269,0.875,0.83999999995008
cluster5,0.8545454545454545,0.9166666666666666,0.9728260869565217,0.868421052631579,0.8918918918419283
Average,0.8545454545454545,0.8348673720500346,0.9606860430997589,0.8539619883040935,0.8425715372822076
