Label,Accuracy,Sensitivity,Specificity,Precision,F1
C5,0.913636364,0.833333333,0.929347826,0.697674419,0.759493671
notC5,0.913636364,0.929347826,0.833333333,0.966101695,0.947368421
Average,0.913636364,0.88134058,0.88134058,0.831888057,0.853431046
,,,,,
,,,,,
,TRUE,,,,
Pred,C5,notC5,,,
C5,30,13,,,
notC5,6,171,,,
,,,,,
