,cluster,pair,gene_i,gene_j,prop_this_cluster,prop_not_cluster,dist_ij_cluster,dist_ij_not_cluster,prop_diff
1,cluster1,1,519,12569,0.210526315789474,0.895604395604396,-3.93347458666668,46.7388244122222,-0.685078079814922
2,cluster1,2,1026,7281,0.184210526315789,0.846153846153846,-5.57923171555555,42.2021130533333,-0.661943319838057
3,cluster1,3,1026,10297,0.210526315789474,0.873626373626374,-5.44948193,53.8774837155556,-0.6631000578369
4,cluster1,4,2544,10921,0.105263157894737,0.774725274725275,-5.24889134222222,51.51104399,-0.669462116830538
5,cluster1,5,2767,6522,0.842105263157895,0.148351648351648,9.01858036222221,-69.0214185077777,0.693753614806246
6,cluster1,6,5832,12452,0.947368421052632,0.274725274725275,10.8220704055556,-48.0249149788889,0.672643146327357
7,cluster1,7,6878,8272,0.868421052631579,0.17032967032967,7.58613379000001,-48.3872281055556,0.698091382301909
8,cluster1,8,7041,12168,0.894736842105263,0.21978021978022,9.22075774111112,-35.1312980866667,0.674956622325043
9,cluster1,9,8754,12168,0.789473684210526,0.115384615384615,3.02689655,-45.8661672888889,0.674089068825911
