,cluster,pair,gene_i,gene_j,prop_this_cluster,prop_not_cluster,dist_ij_cluster,dist_ij_not_cluster,prop_diff
1,cluster2,1,205,4210,0.129411764705882,0.8,-25.3632478133333,35.8043065088889,-0.670588235294118
2,cluster2,2,846,4565,0.0941176470588235,0.762962962962963,-30.30271121,30.1631252466667,-0.668845315904139
3,cluster2,3,1403,3027,0.929411764705882,0.259259259259259,59.9531381755556,-41.6790482544445,0.670152505446623
4,cluster2,4,1885,7520,0.176470588235294,0.837037037037037,-20.4854713022222,33.98514282,-0.660566448801743
5,cluster2,5,4520,10279,0.823529411764706,0.162962962962963,16.8340210711111,-31.6043568011111,0.660566448801743
6,cluster2,6,6618,7241,0.894117647058824,0.207407407407407,20.0371937940476,-29.7768054719841,0.686710239651416
7,cluster2,7,8363,10235,0.2,0.866666666666667,-14.8578104344444,31.0624864822222,-0.666666666666667
8,cluster2,8,10235,10279,0.894117647058824,0.22962962962963,26.95179119,-26.0220552733333,0.664488017429194
9,cluster2,9,10235,11793,0.847058823529412,0.177777777777778,16.7297123715873,-25.2442167053174,0.669281045751634
